{
  "clip": "metal.wav",
  "segment_samples": 66150,
  "mel_db_shape": [
    128,
    130
  ],
  "mel_db_min": -80.0,
  "mel_db_max": 0.0,
  "keras_probs": [
    5.698806944565149e-06,
    1.713239271339262e-06,
    8.21533348016601e-08,
    1.271916516998317e-06,
    0.0006736804498359561,
    4.4021471694577485e-06,
    0.9949959516525269,
    2.535515886847861e-05,
    3.24794910966375e-08,
    0.0042917304672300816
  ],
  "keras_top": "metal"
}