{
  "mean": -40.51021194458008,
  "std": 15.245159149169922
}
